[
    {
      "name": "Item-1",
      "slug": "item-1",
      "embed": "VYOjWnS4cMY"
    },
    {
      "name": "Item-2",
      "slug": "item-2",
      "embed": "4GuqB1BQVr4"
    },
    {
      "name": "Item-3",
      "slug": "item-3",
      "embed": "XR7Ev14vUh8"
    },
    {
      "name": "Item-4",
      "slug": "item-4",
      "embed": "M4ZoCHID9GI"
    },
    {
      "name": "Item-5",
      "slug": "item-5",
      "embed": "N"
    },
    {
      "name": "Item-6",
      "slug": "item-6",
      "embed": "NAbSeSMjyPY"
    }
  ]